{
    "typeName": "AWSQS::Kubernetes::Resource",
    "description": "Applys a YAML manifest to the specified Kubernetes cluster",
    "sourceUrl": "https://github.com/aws-quickstart/quickstart-amazon-eks.git",
    "properties": {
        "ClusterName": {
            "description": "Name of the EKS cluster",
            "type": "string"
        },
        "Namespace": {
            "description": "Kubernetes namespace",
            "type": "string"
        },
        "Manifest": {
            "description": "Text representation of the kubernetes yaml manifests to apply to the cluster.",
            "type": "string"
        },
        "Url": {
            "type":"string",
            "description": "Url to the kubernetes yaml manifests to apply to the cluster. Urls starting with s3:// will be fetched using an authenticated S3 read."
        },
        "Name": {
            "type":"string",
            "description": "Name of the resource."
        },
        "ResourceVersion": {
            "type":"string",
            "description": "Resource version."
        },
        "SelfLink": {
            "type":"string",
            "description": "Link returned by the kubernetes api."
        },
        "Uid": {
            "type":"string",
            "description": "Resource unique ID."
        },
        "CfnId": {
             "type":"string",
            "description": "CloudFormation Physical ID."
        }
    },
    "additionalProperties": false,
    "required": [
        "ClusterName"
    ],
    "readOnlyProperties": [
        "/properties/Name",
        "/properties/ResourceVersion",
        "/properties/SelfLink",
        "/properties/Uid",
        "/properties/CfnId"
    ],
    "createOnlyProperties": [
        "/properties/Namespace",
        "/properties/ClusterName"
    ],
    "primaryIdentifier": [
        "/properties/ClusterName",
        "/properties/CfnId"
    ],
    "handlers": {
        "create": {
            "permissions": [
                "ssm:GetParameter",
                "eks:DescribeCluster",
                "ec2:Describe*",
                "ec2:CreateNetworkInterface",
                "ec2:DeleteNetworkInterface",
                "iam:PassRole",
                "sts:GetCallerIdentity",
                "lambda:*",
                "s3:GetObject"
            ]
        },
        "read": {
            "permissions": [
                "ssm:GetParameter",
                "eks:DescribeCluster",
                "ec2:Describe*",
                "ec2:CreateNetworkInterface",
                "ec2:DeleteNetworkInterface",
                "iam:PassRole",
                "sts:GetCallerIdentity",
                "lambda:*",
                "s3:GetObject"
            ]
        },
        "update": {
            "permissions": [
                "ssm:GetParameter",
                "eks:DescribeCluster",
                "ec2:Describe*",
                "ec2:CreateNetworkInterface",
                "ec2:DeleteNetworkInterface",
                "iam:PassRole",
                "lambda:*",
                "s3:GetObject"
            ]
        },
        "delete": {
            "permissions": [
                "ssm:GetParameter",
                "eks:DescribeCluster",
                "ec2:Describe*",
                "ec2:CreateNetworkInterface",
                "ec2:DeleteNetworkInterface",
                "iam:PassRole",
                "sts:GetCallerIdentity",
                "lambda:*",
                "s3:GetObject"
            ]
        },
        "list": {
            "permissions": [
                "ssm:GetParameter",
                "eks:DescribeCluster",
                "ec2:Describe*",
                "ec2:CreateNetworkInterface",
                "ec2:DeleteNetworkInterface",
                "iam:PassRole",
                "sts:GetCallerIdentity",
                "lambda:*",
                "s3:GetObject"
            ]
        }
    }
}
